dataset,alg,params,original_bytes,compressed_bytes,ratio,bpb,entropy_bpb,%_over_entropy,comp_time_s,comp_MB_s,decomp_time_s,decomp_MB_s,repeats,comp_MiB_s,decomp_MiB_s,env_python,env_platform
./data\letters_gaussian.txt,brotli,"{""lgwin"": ""default"", ""mode"": ""text"", ""quality"": 2}",1025000,577883,0.5637882926829269,4.510306341463415,4.388998139753674,2.7639155417037533,0.009231599979102612,111.0316740673634,0.004110199981369078,249.37959336435492,5,105.887964981265,237.82670909911803,3.10.2,Windows-10-10.0.19045-SP0
./data\letters_linear.txt,brotli,"{""lgwin"": ""default"", ""mode"": ""text"", ""quality"": 2}",1025000,591725,0.5772926829268292,4.618341463414634,4.530482928456603,1.9392752681216092,0.006001099944114685,170.80202122033037,0.004128200002014637,248.292233782225,5,162.8893610190444,236.7897230829947,3.10.2,Windows-10-10.0.19045-SP0
./data\letters_uniform.txt,brotli,"{""lgwin"": ""default"", ""mode"": ""text"", ""quality"": 2}",1025000,621472,0.6063141463414634,4.850513170731707,4.7756121247473935,1.5684072329947796,0.00473359995521605,216.53709855023374,0.0040219000075012445,254.85467020270835,5,206.50569219122963,243.04814477861223,3.10.2,Windows-10-10.0.19045-SP0
